"Downscaling","DeltaStr_yrs","ConcScen","Model","Delta_yrs","itime","id_sim","id_to_dbW"
NA,NA,"CMIP5_historical|CMIP5_RCP85","Current",0,1,"Current","Current"
"idem","RCP85_2029to2064","RCP85","bcc-csm1-1",0,2,"idem.RCP85_2029to2064.RCP85.bcc-csm1-1","idem.dall.RCP85.bcc-csm1-1"
"idem","RCP85_2064to2099","RCP85","bcc-csm1-1",0,3,"idem.RCP85_2064to2099.RCP85.bcc-csm1-1","idem.dall.RCP85.bcc-csm1-1"
"idem","RCP85_2029to2064","RCP85","bcc-csm1-1-m",0,2,"idem.RCP85_2029to2064.RCP85.bcc-csm1-1-m","idem.dall.RCP85.bcc-csm1-1-m"
"idem","RCP85_2064to2099","RCP85","bcc-csm1-1-m",0,3,"idem.RCP85_2064to2099.RCP85.bcc-csm1-1-m","idem.dall.RCP85.bcc-csm1-1-m"
"idem","RCP85_2029to2064","RCP85","BNU-ESM",0,2,"idem.RCP85_2029to2064.RCP85.BNU-ESM","idem.dall.RCP85.BNU-ESM"
"idem","RCP85_2064to2099","RCP85","BNU-ESM",0,3,"idem.RCP85_2064to2099.RCP85.BNU-ESM","idem.dall.RCP85.BNU-ESM"
"idem","RCP85_2029to2064","RCP85","CanESM2",0,2,"idem.RCP85_2029to2064.RCP85.CanESM2","idem.dall.RCP85.CanESM2"
"idem","RCP85_2064to2099","RCP85","CanESM2",0,3,"idem.RCP85_2064to2099.RCP85.CanESM2","idem.dall.RCP85.CanESM2"
"idem","RCP85_2029to2064","RCP85","CCSM4",0,2,"idem.RCP85_2029to2064.RCP85.CCSM4","idem.dall.RCP85.CCSM4"
"idem","RCP85_2064to2099","RCP85","CCSM4",0,3,"idem.RCP85_2064to2099.RCP85.CCSM4","idem.dall.RCP85.CCSM4"
"idem","RCP85_2029to2064","RCP85","CNRM-CM5",0,2,"idem.RCP85_2029to2064.RCP85.CNRM-CM5","idem.dall.RCP85.CNRM-CM5"
"idem","RCP85_2064to2099","RCP85","CNRM-CM5",0,3,"idem.RCP85_2064to2099.RCP85.CNRM-CM5","idem.dall.RCP85.CNRM-CM5"
"idem","RCP85_2029to2064","RCP85","CSIRO-Mk3-6-0",0,2,"idem.RCP85_2029to2064.RCP85.CSIRO-Mk3-6-0","idem.dall.RCP85.CSIRO-Mk3-6-0"
"idem","RCP85_2064to2099","RCP85","CSIRO-Mk3-6-0",0,3,"idem.RCP85_2064to2099.RCP85.CSIRO-Mk3-6-0","idem.dall.RCP85.CSIRO-Mk3-6-0"
"idem","RCP85_2029to2064","RCP85","GFDL-ESM2G",0,2,"idem.RCP85_2029to2064.RCP85.GFDL-ESM2G","idem.dall.RCP85.GFDL-ESM2G"
"idem","RCP85_2064to2099","RCP85","GFDL-ESM2G",0,3,"idem.RCP85_2064to2099.RCP85.GFDL-ESM2G","idem.dall.RCP85.GFDL-ESM2G"
"idem","RCP85_2029to2064","RCP85","GFDL-ESM2M",0,2,"idem.RCP85_2029to2064.RCP85.GFDL-ESM2M","idem.dall.RCP85.GFDL-ESM2M"
"idem","RCP85_2064to2099","RCP85","GFDL-ESM2M",0,3,"idem.RCP85_2064to2099.RCP85.GFDL-ESM2M","idem.dall.RCP85.GFDL-ESM2M"
"idem","RCP85_2029to2064","RCP85","HadGEM2-CC365",0,2,"idem.RCP85_2029to2064.RCP85.HadGEM2-CC365","idem.dall.RCP85.HadGEM2-CC365"
"idem","RCP85_2064to2099","RCP85","HadGEM2-CC365",0,3,"idem.RCP85_2064to2099.RCP85.HadGEM2-CC365","idem.dall.RCP85.HadGEM2-CC365"
"idem","RCP85_2029to2064","RCP85","HadGEM2-ES365",0,2,"idem.RCP85_2029to2064.RCP85.HadGEM2-ES365","idem.dall.RCP85.HadGEM2-ES365"
"idem","RCP85_2064to2099","RCP85","HadGEM2-ES365",0,3,"idem.RCP85_2064to2099.RCP85.HadGEM2-ES365","idem.dall.RCP85.HadGEM2-ES365"
"idem","RCP85_2029to2064","RCP85","inmcm4",0,2,"idem.RCP85_2029to2064.RCP85.inmcm4","idem.dall.RCP85.inmcm4"
"idem","RCP85_2064to2099","RCP85","inmcm4",0,3,"idem.RCP85_2064to2099.RCP85.inmcm4","idem.dall.RCP85.inmcm4"
"idem","RCP85_2029to2064","RCP85","IPSL-CM5A-LR",0,2,"idem.RCP85_2029to2064.RCP85.IPSL-CM5A-LR","idem.dall.RCP85.IPSL-CM5A-LR"
"idem","RCP85_2064to2099","RCP85","IPSL-CM5A-LR",0,3,"idem.RCP85_2064to2099.RCP85.IPSL-CM5A-LR","idem.dall.RCP85.IPSL-CM5A-LR"
"idem","RCP85_2029to2064","RCP85","IPSL-CM5A-MR",0,2,"idem.RCP85_2029to2064.RCP85.IPSL-CM5A-MR","idem.dall.RCP85.IPSL-CM5A-MR"
"idem","RCP85_2064to2099","RCP85","IPSL-CM5A-MR",0,3,"idem.RCP85_2064to2099.RCP85.IPSL-CM5A-MR","idem.dall.RCP85.IPSL-CM5A-MR"
"idem","RCP85_2029to2064","RCP85","IPSL-CM5B-LR",0,2,"idem.RCP85_2029to2064.RCP85.IPSL-CM5B-LR","idem.dall.RCP85.IPSL-CM5B-LR"
"idem","RCP85_2064to2099","RCP85","IPSL-CM5B-LR",0,3,"idem.RCP85_2064to2099.RCP85.IPSL-CM5B-LR","idem.dall.RCP85.IPSL-CM5B-LR"
"idem","RCP85_2029to2064","RCP85","MIROC-ESM",0,2,"idem.RCP85_2029to2064.RCP85.MIROC-ESM","idem.dall.RCP85.MIROC-ESM"
"idem","RCP85_2064to2099","RCP85","MIROC-ESM",0,3,"idem.RCP85_2064to2099.RCP85.MIROC-ESM","idem.dall.RCP85.MIROC-ESM"
"idem","RCP85_2029to2064","RCP85","MIROC-ESM-CHEM",0,2,"idem.RCP85_2029to2064.RCP85.MIROC-ESM-CHEM","idem.dall.RCP85.MIROC-ESM-CHEM"
"idem","RCP85_2064to2099","RCP85","MIROC-ESM-CHEM",0,3,"idem.RCP85_2064to2099.RCP85.MIROC-ESM-CHEM","idem.dall.RCP85.MIROC-ESM-CHEM"
"idem","RCP85_2029to2064","RCP85","MIROC5",0,2,"idem.RCP85_2029to2064.RCP85.MIROC5","idem.dall.RCP85.MIROC5"
"idem","RCP85_2064to2099","RCP85","MIROC5",0,3,"idem.RCP85_2064to2099.RCP85.MIROC5","idem.dall.RCP85.MIROC5"
"idem","RCP85_2029to2064","RCP85","MRI-CGCM3",0,2,"idem.RCP85_2029to2064.RCP85.MRI-CGCM3","idem.dall.RCP85.MRI-CGCM3"
"idem","RCP85_2064to2099","RCP85","MRI-CGCM3",0,3,"idem.RCP85_2064to2099.RCP85.MRI-CGCM3","idem.dall.RCP85.MRI-CGCM3"
"idem","RCP85_2029to2064","RCP85","NorESM1-M",0,2,"idem.RCP85_2029to2064.RCP85.NorESM1-M","idem.dall.RCP85.NorESM1-M"
"idem","RCP85_2064to2099","RCP85","NorESM1-M",0,3,"idem.RCP85_2064to2099.RCP85.NorESM1-M","idem.dall.RCP85.NorESM1-M"
